{"cameraMode":{"drawMode":0,"name":"Shaded","section":"Shading Mode"},"sceneLighting":true,"audioPlay":false,"sceneViewState":{"m_AlwaysRefresh":false,"showFog":true,"showSkybox":true,"showFlares":true,"showImageEffects":true,"showParticleSystems":true,"showVisualEffectGraphs":true,"m_FxEnabled":false},"in2DMode":false,"pivot":{"x":112.95726013183594,"y":-56.908626556396487,"z":157.6892852783203},"rotation":{"x":0.12778985500335694,"y":0.32311514019966128,"z":-0.04523008316755295,"w":0.9371830224990845},"size":113.85260009765625,"orthographic":false}